ticker,user,fields,schedule,enabled,owner,ccy,country,tenor,notes
AUD curncy,shared_term,PX_LAST,daily,true,AD,AUD,AUS,SPOT,
AUD1W curncy,shared_term,PX_LAST,daily,true,AD,AUD,AUS,1W,
AUD1M curncy,shared_term,PX_LAST,daily,true,AD,AUD,AUS,4W,
AUD3m curncy,shared_term,PX_LAST,daily,true,AD,AUD,AUS,3M,
AUD6m curncy,shared_term,PX_LAST,daily,true,AD,AUD,AUS,6M,
AUD9m curncy,shared_term,PX_LAST,daily,true,AD,AUD,AUS,9M,
AUD12m curncy,shared_term,PX_LAST,daily,true,AD,AUD,AUS,1Y,
AUD2Y curncy,shared_term,PX_LAST,daily,true,AD,AUD,AUS,2Y,
CAD Curncy,shared_term,PX_LAST,daily,true,AD,CAD,CAN,SPOT,
CAD1W Curncy,shared_term,PX_LAST,daily,true,AD,CAD,CAN,1W,
CAD2W Curncy,shared_term,PX_LAST,daily,true,AD,CAD,CAN,2W,
CAD3W Curncy,shared_term,PX_LAST,daily,true,AD,CAD,CAN,3W,
CAD1M Curncy,shared_term,PX_LAST,daily,true,AD,CAD,CAN,4W,
CAD2M Curncy,shared_term,PX_LAST,daily,true,AD,CAD,CAN,2M,
CAD3M Curncy,shared_term,PX_LAST,daily,true,AD,CAD,CAN,3M,
CAD4M Curncy,shared_term,PX_LAST,daily,true,AD,CAD,CAN,4M,
CAD5M Curncy,shared_term,PX_LAST,daily,true,AD,CAD,CAN,5M,
CAD6M Curncy,shared_term,PX_LAST,daily,true,AD,CAD,CAN,6M,
CAD9M Curncy,shared_term,PX_LAST,daily,true,AD,CAD,CAN,9M,
CAD12M Curncy,shared_term,PX_LAST,daily,true,AD,CAD,CAN,1Y,
CAD18M Curncy,shared_term,PX_LAST,daily,true,AD,CAD,CAN,18M,
CAD2Y Curncy,shared_term,PX_LAST,daily,true,AD,CAD,CAN,2Y,
CHF curncy,shared_term,PX_LAST,daily,true,AD,CHF,CHE,SPOT,
CHF1W curncy,shared_term,PX_LAST,daily,true,AD,CHF,CHE,1W,
CHF1M curncy,shared_term,PX_LAST,daily,true,AD,CHF,CHE,4W,
CHF3m curncy,shared_term,PX_LAST,daily,true,AD,CHF,CHE,3M,
CHF6m curncy,shared_term,PX_LAST,daily,true,AD,CHF,CHE,6M,
CHF9m curncy,shared_term,PX_LAST,daily,true,AD,CHF,CHE,9M,
CHF12m curncy,shared_term,PX_LAST,daily,true,AD,CHF,CHE,1Y,
CHF2Y curncy,shared_term,PX_LAST,daily,true,AD,CHF,CHE,2Y,
CNH curncy,shared_term,PX_LAST,daily,true,AD,CNH,CHN,SPOT,
CNH+1W curncy,shared_term,PX_LAST,daily,true,AD,CNH,CHN,1W,
CNH+1M curncy,shared_term,PX_LAST,daily,true,AD,CNH,CHN,4W,
CNH+3m curncy,shared_term,PX_LAST,daily,true,AD,CNH,CHN,3M,
CNH+6m curncy,shared_term,PX_LAST,daily,true,AD,CNH,CHN,6M,
CNH+9m curncy,shared_term,PX_LAST,daily,true,AD,CNH,CHN,9M,
CNH+12m curncy,shared_term,PX_LAST,daily,true,AD,CNH,CHN,1Y,
CNH+2Y curncy,shared_term,PX_LAST,daily,true,AD,CNH,CHN,2Y,
EUR curncy,shared_term,PX_LAST,daily,true,AD,EUR,EUR,SPOT,
EUR1W curncy,shared_term,PX_LAST,daily,true,AD,EUR,EUR,1W,
EUR1M curncy,shared_term,PX_LAST,daily,true,AD,EUR,EUR,4W,
EUR3m curncy,shared_term,PX_LAST,daily,true,AD,EUR,EUR,3M,
EUR6m curncy,shared_term,PX_LAST,daily,true,AD,EUR,EUR,6M,
EUR9m curncy,shared_term,PX_LAST,daily,true,AD,EUR,EUR,9M,
EUR12m curncy,shared_term,PX_LAST,daily,true,AD,EUR,EUR,1Y,
EUR2Y curncy,shared_term,PX_LAST,daily,true,AD,EUR,EUR,2Y,
GBP curncy,shared_term,PX_LAST,daily,true,AD,GBP,GBR,SPOT,
GBP1W curncy,shared_term,PX_LAST,daily,true,AD,GBP,GBR,1W,
GBP1M curncy,shared_term,PX_LAST,daily,true,AD,GBP,GBR,4W,
GBP3m curncy,shared_term,PX_LAST,daily,true,AD,GBP,GBR,3M,
GBP6m curncy,shared_term,PX_LAST,daily,true,AD,GBP,GBR,6M,
GBP9m curncy,shared_term,PX_LAST,daily,true,AD,GBP,GBR,9M,
GBP12m curncy,shared_term,PX_LAST,daily,true,AD,GBP,GBR,1Y,
GBP2Y curncy,shared_term,PX_LAST,daily,true,AD,GBP,GBR,2Y,
HKD curncy,shared_term,PX_LAST,daily,true,AD,HKD,HKG,SPOT,
HKD+1M curncy,shared_term,PX_LAST,daily,true,AD,HKD,HKG,4W,
HKD+3m curncy,shared_term,PX_LAST,daily,true,AD,HKD,HKG,3M,
HKD+6m curncy,shared_term,PX_LAST,daily,true,AD,HKD,HKG,6M,
HKD+9m curncy,shared_term,PX_LAST,daily,true,AD,HKD,HKG,9M,
HKD+12m curncy,shared_term,PX_LAST,daily,true,AD,HKD,HKG,1Y,
HKD+2Y curncy,shared_term,PX_LAST,daily,true,AD,HKD,HKG,2Y,
IDR curncy,shared_term,PX_LAST,daily,true,AD,IDR,IDN,SPOT,
IHN+1W curncy,shared_term,PX_LAST,daily,true,AD,IDR,IDN,1W,
IHN+1M curncy,shared_term,PX_LAST,daily,true,AD,IDR,IDN,4W,
IHN+3m curncy,shared_term,PX_LAST,daily,true,AD,IDR,IDN,3M,
IHN+6m curncy,shared_term,PX_LAST,daily,true,AD,IDR,IDN,6M,
IHN+9m curncy,shared_term,PX_LAST,daily,true,AD,IDR,IDN,9M,
IHN+12m curncy,shared_term,PX_LAST,daily,true,AD,IDR,IDN,1Y,
IHN+2Y curncy,shared_term,PX_LAST,daily,true,AD,IDR,IDN,2Y,
ILS curncy,shared_term,PX_LAST,daily,true,AD,ILS,ISR,SPOT,
ILS1W curncy,shared_term,PX_LAST,daily,true,AD,ILS,ISR,1W,
ILS1M curncy,shared_term,PX_LAST,daily,true,AD,ILS,ISR,4W,
ILS3M curncy,shared_term,PX_LAST,daily,true,AD,ILS,ISR,3M,
ILS6M curncy,shared_term,PX_LAST,daily,true,AD,ILS,ISR,6M,
ILS9M curncy,shared_term,PX_LAST,daily,true,AD,ILS,ISR,9M,
ILS12M curncy,shared_term,PX_LAST,daily,true,AD,ILS,ISR,1Y,
ILS18M curncy,shared_term,PX_LAST,daily,true,AD,ILS,ISR,18M,
ILS2Y curncy,shared_term,PX_LAST,daily,true,AD,ILS,ISR,2Y,
INR curncy,shared_term,PX_LAST,daily,true,AD,INR,IND,SPOT,
IRN+1W curncy,shared_term,PX_LAST,daily,true,AD,INR,IND,1W,
IRN+1M curncy,shared_term,PX_LAST,daily,true,AD,INR,IND,4W,
IRN+3m curncy,shared_term,PX_LAST,daily,true,AD,INR,IND,3M,
IRN+6m curncy,shared_term,PX_LAST,daily,true,AD,INR,IND,6M,
IRN+9m curncy,shared_term,PX_LAST,daily,true,AD,INR,IND,9M,
IRN+12m curncy,shared_term,PX_LAST,daily,true,AD,INR,IND,1Y,
IRN+2Y curncy,shared_term,PX_LAST,daily,true,AD,INR,IND,2Y,
JPY curncy,shared_term,PX_LAST,daily,true,AD,JPY,JPN,SPOT,
JPY1W curncy,shared_term,PX_LAST,daily,true,AD,JPY,JPN,1W,
JPY1M curncy,shared_term,PX_LAST,daily,true,AD,JPY,JPN,4W,
JPY3m curncy,shared_term,PX_LAST,daily,true,AD,JPY,JPN,3M,
JPY6m curncy,shared_term,PX_LAST,daily,true,AD,JPY,JPN,6M,
JPY9m curncy,shared_term,PX_LAST,daily,true,AD,JPY,JPN,9M,
JPY12m curncy,shared_term,PX_LAST,daily,true,AD,JPY,JPN,1Y,
JPY2Y curncy,shared_term,PX_LAST,daily,true,AD,JPY,JPN,2Y,
KRW curncy,shared_term,PX_LAST,daily,true,AD,KRW,KOR,SPOT,
KWN+1W curncy,shared_term,PX_LAST,daily,true,AD,KRW,KOR,1W,
KWN+1M curncy,shared_term,PX_LAST,daily,true,AD,KRW,KOR,4W,
KWN+3m curncy,shared_term,PX_LAST,daily,true,AD,KRW,KOR,3M,
KWN+6m curncy,shared_term,PX_LAST,daily,true,AD,KRW,KOR,6M,
KWN+9m curncy,shared_term,PX_LAST,daily,true,AD,KRW,KOR,9M,
KWN+12m curncy,shared_term,PX_LAST,daily,true,AD,KRW,KOR,1Y,
KWN+2Y curncy,shared_term,PX_LAST,daily,true,AD,KRW,KOR,2Y,
MXN CURNCY,shared_term,PX_LAST,daily,true,AD,MXN,MEX,SPOT,
MXN1W Curncy,shared_term,PX_LAST,daily,true,AD,MXN,MEX,1W,
MXN1M Curncy,shared_term,PX_LAST,daily,true,AD,MXN,MEX,4W,
MXN3M CURNCY,shared_term,PX_LAST,daily,true,AD,MXN,MEX,3M,
MXN6M CURNCY,shared_term,PX_LAST,daily,true,AD,MXN,MEX,6M,
MXN9M CURNCY,shared_term,PX_LAST,daily,true,AD,MXN,MEX,9M,
MXN12M CURNCY,shared_term,PX_LAST,daily,true,AD,MXN,MEX,1Y,
MXN2Y CURNCY,shared_term,PX_LAST,daily,true,AD,MXN,MEX,2Y,
MYR curncy,shared_term,PX_LAST,daily,true,AD,MYR,MYS,SPOT,
MRN+1W curncy,shared_term,PX_LAST,daily,true,AD,MYR,MYS,1W,
MRN+1M curncy,shared_term,PX_LAST,daily,true,AD,MYR,MYS,4W,
MRN+3m curncy,shared_term,PX_LAST,daily,true,AD,MYR,MYS,3M,
MRN+6m curncy,shared_term,PX_LAST,daily,true,AD,MYR,MYS,6M,
MRN+9m curncy,shared_term,PX_LAST,daily,true,AD,MYR,MYS,9M,
MRN+12m curncy,shared_term,PX_LAST,daily,true,AD,MYR,MYS,1Y,
MRN+2Y curncy,shared_term,PX_LAST,daily,true,AD,MYR,MYS,2Y,
NOK curncy,shared_term,PX_LAST,daily,true,AD,NOK,NOR,SPOT,
NOK1W curncy,shared_term,PX_LAST,daily,true,AD,NOK,NOR,1W,
NOK1M curncy,shared_term,PX_LAST,daily,true,AD,NOK,NOR,4W,
NOK3m curncy,shared_term,PX_LAST,daily,true,AD,NOK,NOR,3M,
NOK6m curncy,shared_term,PX_LAST,daily,true,AD,NOK,NOR,6M,
NOK9m curncy,shared_term,PX_LAST,daily,true,AD,NOK,NOR,9M,
NOK12m curncy,shared_term,PX_LAST,daily,true,AD,NOK,NOR,1Y,
NOK2Y curncy,shared_term,PX_LAST,daily,true,AD,NOK,NOR,2Y,
NZD curncy,shared_term,PX_LAST,daily,true,AD,NZD,NZL,SPOT,
NZD1W curncy,shared_term,PX_LAST,daily,true,AD,NZD,NZL,1W,
NZD1M curncy,shared_term,PX_LAST,daily,true,AD,NZD,NZL,4W,
NZD3m curncy,shared_term,PX_LAST,daily,true,AD,NZD,NZL,3M,
NZD6m curncy,shared_term,PX_LAST,daily,true,AD,NZD,NZL,6M,
NZD9m curncy,shared_term,PX_LAST,daily,true,AD,NZD,NZL,9M,
NZD12m curncy,shared_term,PX_LAST,daily,true,AD,NZD,NZL,1Y,
NZD2Y curncy,shared_term,PX_LAST,daily,true,AD,NZD,NZL,2Y,
PHP curncy,shared_term,PX_LAST,daily,true,AD,PHP,PHL,SPOT,
PPN+1W curncy,shared_term,PX_LAST,daily,true,AD,PHP,PHL,1W,
PPN+1M curncy,shared_term,PX_LAST,daily,true,AD,PHP,PHL,4W,
PPN+3m curncy,shared_term,PX_LAST,daily,true,AD,PHP,PHL,3M,
PPN+6m curncy,shared_term,PX_LAST,daily,true,AD,PHP,PHL,6M,
PPN+9m curncy,shared_term,PX_LAST,daily,true,AD,PHP,PHL,9M,
PPN+12m curncy,shared_term,PX_LAST,daily,true,AD,PHP,PHL,1Y,
PPN+2Y curncy,shared_term,PX_LAST,daily,true,AD,PHP,PHL,2Y,
PLN Curncy,shared_term,PX_LAST,daily,true,AD,PLN,POL,SPOT,
PLN1W Curncy,shared_term,PX_LAST,daily,true,AD,PLN,POL,1W,
PLN2W Curncy,shared_term,PX_LAST,daily,true,AD,PLN,POL,2W,
PLN3W Curncy,shared_term,PX_LAST,daily,true,AD,PLN,POL,3W,
PLN1M Curncy,shared_term,PX_LAST,daily,true,AD,PLN,POL,4W,
PLN2M Curncy,shared_term,PX_LAST,daily,true,AD,PLN,POL,2M,
PLN3M Curncy,shared_term,PX_LAST,daily,true,AD,PLN,POL,3M,
PLN4M Curncy,shared_term,PX_LAST,daily,true,AD,PLN,POL,4M,
PLN5M Curncy,shared_term,PX_LAST,daily,true,AD,PLN,POL,5M,
PLN6M Curncy,shared_term,PX_LAST,daily,true,AD,PLN,POL,6M,
PLN9M Curncy,shared_term,PX_LAST,daily,true,AD,PLN,POL,9M,
PLN12M Curncy,shared_term,PX_LAST,daily,true,AD,PLN,POL,1Y,
PLN2Y Curncy,shared_term,PX_LAST,daily,true,AD,PLN,POL,2Y,
SEK curncy,shared_term,PX_LAST,daily,true,AD,SEK,SWE,SPOT,
SEK1W curncy,shared_term,PX_LAST,daily,true,AD,SEK,SWE,1W,
SEK1M curncy,shared_term,PX_LAST,daily,true,AD,SEK,SWE,4W,
SEK3m curncy,shared_term,PX_LAST,daily,true,AD,SEK,SWE,3M,
SEK6m curncy,shared_term,PX_LAST,daily,true,AD,SEK,SWE,6M,
SEK9m curncy,shared_term,PX_LAST,daily,true,AD,SEK,SWE,9M,
SEK12m curncy,shared_term,PX_LAST,daily,true,AD,SEK,SWE,1Y,
SEK2Y curncy,shared_term,PX_LAST,daily,true,AD,SEK,SWE,2Y,
SGD curncy,shared_term,PX_LAST,daily,true,AD,SGD,SGP,SPOT,
SGD1W curncy,shared_term,PX_LAST,daily,true,AD,SGD,SGP,1W,
SGD2W curncy,shared_term,PX_LAST,daily,true,AD,SGD,SGP,2W,
SGD3W curncy,shared_term,PX_LAST,daily,true,AD,SGD,SGP,3W,
SGD1M curncy,shared_term,PX_LAST,daily,true,AD,SGD,SGP,4W,
SGD2M curncy,shared_term,PX_LAST,daily,true,AD,SGD,SGP,2M,
SGD3M curncy,shared_term,PX_LAST,daily,true,AD,SGD,SGP,3M,
SGD4M curncy,shared_term,PX_LAST,daily,true,AD,SGD,SGP,4M,
SGD5M curncy,shared_term,PX_LAST,daily,true,AD,SGD,SGP,5M,
SGD6M curncy,shared_term,PX_LAST,daily,true,AD,SGD,SGP,6M,
SGD9M curncy,shared_term,PX_LAST,daily,true,AD,SGD,SGP,9M,
SGD12M curncy,shared_term,PX_LAST,daily,true,AD,SGD,SGP,1Y,
SGD18M curncy,shared_term,PX_LAST,daily,true,AD,SGD,SGP,18M,
SGD2Y curncy,shared_term,PX_LAST,daily,true,AD,SGD,SGP,2Y,
THB curncy,shared_term,PX_LAST,daily,true,AD,THB,THA,SPOT,
THB1W curncy,shared_term,PX_LAST,daily,true,AD,THB,THA,1W,
THB1M curncy,shared_term,PX_LAST,daily,true,AD,THB,THA,4W,
THB3m curncy,shared_term,PX_LAST,daily,true,AD,THB,THA,3M,
THB6m curncy,shared_term,PX_LAST,daily,true,AD,THB,THA,6M,
THB9m curncy,shared_term,PX_LAST,daily,true,AD,THB,THA,9M,
THB12m curncy,shared_term,PX_LAST,daily,true,AD,THB,THA,1Y,
THB2Y curncy,shared_term,PX_LAST,daily,true,AD,THB,THA,2Y,
TWD curncy,shared_term,PX_LAST,daily,true,AD,TWD,TWN,SPOT,
NTN+1W curncy,shared_term,PX_LAST,daily,true,AD,TWD,TWN,1W,
NTN+1M curncy,shared_term,PX_LAST,daily,true,AD,TWD,TWN,4W,
NTN+3m curncy,shared_term,PX_LAST,daily,true,AD,TWD,TWN,3M,
NTN+6m curncy,shared_term,PX_LAST,daily,true,AD,TWD,TWN,6M,
NTN+9m curncy,shared_term,PX_LAST,daily,true,AD,TWD,TWN,9M,
NTN+12m curncy,shared_term,PX_LAST,daily,true,AD,TWD,TWN,1Y,
NTN+2Y curncy,shared_term,PX_LAST,daily,true,AD,TWD,TWN,2Y,
