ticker,user,fields,schedule,enabled,owner,currency,kind,curve_code,tenor,notes
BBSW 3M INDEX,shared_term,PX_LAST,daily,true,AD,AUD,IRS,AUD-BBSW-3M,3M,
ADSWFQ BGN Curncy,shared_term,PX_LAST,daily,true,AD,AUD,IRS,AUD-BBSW-3M,6M,
ADSWIQ BGN Curncy,shared_term,PX_LAST,daily,true,AD,AUD,IRS,AUD-BBSW-3M,9M,
ADSWAP1Q BGN Curncy,shared_term,PX_LAST,daily,true,AD,AUD,IRS,AUD-BBSW-3M,1Y,
ADSW1FQ BGN Curncy,shared_term,PX_LAST,daily,true,AD,AUD,IRS,AUD-BBSW-3M,18M,
ADSWAP2Q BGN Curncy,shared_term,PX_LAST,daily,true,AD,AUD,IRS,AUD-BBSW-3M,2Y,
ADSWAP3Q BGN Curncy,shared_term,PX_LAST,daily,true,AD,AUD,IRS,AUD-BBSW-3M,3Y,
ADSWAP4Q BGN Curncy,shared_term,PX_LAST,daily,true,AD,AUD,IRS,AUD-BBSW-3M,4Y,
ADSWAP5Q BGN Curncy,shared_term,PX_LAST,daily,true,AD,AUD,IRS,AUD-BBSW-3M,5Y,
ADSWAP6Q BGN Curncy,shared_term,PX_LAST,daily,true,AD,AUD,IRS,AUD-BBSW-3M,6Y,
ADSWAP7Q BGN Curncy,shared_term,PX_LAST,daily,true,AD,AUD,IRS,AUD-BBSW-3M,7Y,
ADSWAP10Q BGN Curncy,shared_term,PX_LAST,daily,true,AD,AUD,IRS,AUD-BBSW-3M,10Y,
ADSWAP12Q BGN Curncy,shared_term,PX_LAST,daily,true,AD,AUD,IRS,AUD-BBSW-3M,12Y,
ADSWAP15Q BGN Curncy,shared_term,PX_LAST,daily,true,AD,AUD,IRS,AUD-BBSW-3M,15Y,
ADSWAP20Q BGN Curncy,shared_term,PX_LAST,daily,true,AD,AUD,IRS,AUD-BBSW-3M,20Y,
ADSWAP25Q BGN Curncy,shared_term,PX_LAST,daily,true,AD,AUD,IRS,AUD-BBSW-3M,25Y,
ADSWAP30Q BGN Curncy,shared_term,PX_LAST,daily,true,AD,AUD,IRS,AUD-BBSW-3M,30Y,
SD0302P 6M BLC3 Curncy,shared_term,PX_LAST,daily,true,AD,AUD,IRS,AUD-BBSW-6M,6M,
SD0302P 9m BLC3 Curncy,shared_term,PX_LAST,daily,true,AD,AUD,IRS,AUD-BBSW-6M,9M,
SD0302P 1Y BLC3 Curncy,shared_term,PX_LAST,daily,true,AD,AUD,IRS,AUD-BBSW-6M,1Y,
SD0302P 15m BLC3 Curncy,shared_term,PX_LAST,daily,true,AD,AUD,IRS,AUD-BBSW-6M,15M,
SD0302P 18m BLC3 Curncy,shared_term,PX_LAST,daily,true,AD,AUD,IRS,AUD-BBSW-6M,18M,
SD0302P 2Y BLC3 Curncy,shared_term,PX_LAST,daily,true,AD,AUD,IRS,AUD-BBSW-6M,2Y,
SD0302P 3Y BLC3 Curncy,shared_term,PX_LAST,daily,true,AD,AUD,IRS,AUD-BBSW-6M,3Y,
SD0302P 4Y BLC3 Curncy,shared_term,PX_LAST,daily,true,AD,AUD,IRS,AUD-BBSW-6M,4Y,
SD0302P 5Y BLC3 Curncy,shared_term,PX_LAST,daily,true,AD,AUD,IRS,AUD-BBSW-6M,5Y,
SD0302P 6Y BLC3 Curncy,shared_term,PX_LAST,daily,true,AD,AUD,IRS,AUD-BBSW-6M,6Y,
SD0302P 7Y BLC3 Curncy,shared_term,PX_LAST,daily,true,AD,AUD,IRS,AUD-BBSW-6M,7Y,
SD0302P 8Y BLC3 Curncy,shared_term,PX_LAST,daily,true,AD,AUD,IRS,AUD-BBSW-6M,8Y,
SD0302P 9Y BLC3 Curncy,shared_term,PX_LAST,daily,true,AD,AUD,IRS,AUD-BBSW-6M,9Y,
SD0302P 10Y BLC3 Curncy,shared_term,PX_LAST,daily,true,AD,AUD,IRS,AUD-BBSW-6M,10Y,
SD0302P 12Y BLC3 Curncy,shared_term,PX_LAST,daily,true,AD,AUD,IRS,AUD-BBSW-6M,12Y,
SD0302P 15Y BLC3 Curncy,shared_term,PX_LAST,daily,true,AD,AUD,IRS,AUD-BBSW-6M,15Y,
SD0302P 20Y BLC3 Curncy,shared_term,PX_LAST,daily,true,AD,AUD,IRS,AUD-BBSW-6M,20Y,
SD0302P 25Y BLC3 Curncy,shared_term,PX_LAST,daily,true,AD,AUD,IRS,AUD-BBSW-6M,25Y,
SD0302P 30Y BLC3 Curncy,shared_term,PX_LAST,daily,true,AD,AUD,IRS,AUD-BBSW-6M,30Y,
CNRR007 Index,shared_term,PX_LAST,daily,true,AD,CNO,IRS,CNO-REPO-7D,1W,
CCSWOA CMPN CURNCY,shared_term,PX_LAST,daily,true,AD,CNO,IRS,CNO-REPO-7D,4W,
CCSWOC CMPN CURNCY,shared_term,PX_LAST,daily,true,AD,CNO,IRS,CNO-REPO-7D,3M,
CCSWOF CMPN CURNCY,shared_term,PX_LAST,daily,true,AD,CNO,IRS,CNO-REPO-7D,6M,
CCSWOI CMPN CURNCY,shared_term,PX_LAST,daily,true,AD,CNO,IRS,CNO-REPO-7D,9M,
CCSWO1 CMPN CURNCY,shared_term,PX_LAST,daily,true,AD,CNO,IRS,CNO-REPO-7D,1Y,
CCSWO2 CMPN CURNCY,shared_term,PX_LAST,daily,true,AD,CNO,IRS,CNO-REPO-7D,2Y,
CCSWO3 CMPN CURNCY,shared_term,PX_LAST,daily,true,AD,CNO,IRS,CNO-REPO-7D,3Y,
CCSWO4 CMPN CURNCY,shared_term,PX_LAST,daily,true,AD,CNO,IRS,CNO-REPO-7D,4Y,
CCSWO5 CMPN CURNCY,shared_term,PX_LAST,daily,true,AD,CNO,IRS,CNO-REPO-7D,5Y,
CCSWO7 CMPN CURNCY,shared_term,PX_LAST,daily,true,AD,CNO,IRS,CNO-REPO-7D,7Y,
CCSWO10 CMPN CURNCY,shared_term,PX_LAST,daily,true,AD,CNO,IRS,CNO-REPO-7D,10Y,
CCSWNIA CMPN CURNCY,shared_term,PX_LAST,daily,true,AD,CNY,IRS,CNY-REPO-7D,4W,
CCSWNIC CMPN CURNCY,shared_term,PX_LAST,daily,true,AD,CNY,IRS,CNY-REPO-7D,3M,
CCSWNIF CMPN CURNCY,shared_term,PX_LAST,daily,true,AD,CNY,IRS,CNY-REPO-7D,6M,
CCSWNII CMPN CURNCY,shared_term,PX_LAST,daily,true,AD,CNY,IRS,CNY-REPO-7D,9M,
CCSWNI1 CMPN CURNCY,shared_term,PX_LAST,daily,true,AD,CNY,IRS,CNY-REPO-7D,1Y,
CCSWNI2 CMPN CURNCY,shared_term,PX_LAST,daily,true,AD,CNY,IRS,CNY-REPO-7D,2Y,
CCSWNI3 CMPN CURNCY,shared_term,PX_LAST,daily,true,AD,CNY,IRS,CNY-REPO-7D,3Y,
CCSWNI4 CMPN CURNCY,shared_term,PX_LAST,daily,true,AD,CNY,IRS,CNY-REPO-7D,4Y,
CCSWNI5 CMPN CURNCY,shared_term,PX_LAST,daily,true,AD,CNY,IRS,CNY-REPO-7D,5Y,
CCSWNI6 CMPN CURNCY,shared_term,PX_LAST,daily,true,AD,CNY,IRS,CNY-REPO-7D,6Y,
CCSWNI7 CMPN CURNCY,shared_term,PX_LAST,daily,true,AD,CNY,IRS,CNY-REPO-7D,7Y,
CCSWNI10 CMPN CURNCY,shared_term,PX_LAST,daily,true,AD,CNY,IRS,CNY-REPO-7D,10Y,
EUR003M Index,shared_term,PX_LAST,daily,true,AD,EUR,IRS,EUR-EURIBOR-3M,3M,
EUSWFV3 CMPN Curncy,shared_term,PX_LAST,daily,true,AD,EUR,IRS,EUR-EURIBOR-3M,6M,
EUSW1V3 CMPN Curncy,shared_term,PX_LAST,daily,true,AD,EUR,IRS,EUR-EURIBOR-3M,1Y,
EUSW2V3 CMPN Curncy,shared_term,PX_LAST,daily,true,AD,EUR,IRS,EUR-EURIBOR-3M,2Y,
EUSW3V3 CMPN Curncy,shared_term,PX_LAST,daily,true,AD,EUR,IRS,EUR-EURIBOR-3M,3Y,
EUSW4V3 CMPN Curncy,shared_term,PX_LAST,daily,true,AD,EUR,IRS,EUR-EURIBOR-3M,4Y,
EUSW5V3 CMPN Curncy,shared_term,PX_LAST,daily,true,AD,EUR,IRS,EUR-EURIBOR-3M,5Y,
EUSW6V3 CMPN Curncy,shared_term,PX_LAST,daily,true,AD,EUR,IRS,EUR-EURIBOR-3M,6Y,
EUSW7V3 CMPN Curncy,shared_term,PX_LAST,daily,true,AD,EUR,IRS,EUR-EURIBOR-3M,7Y,
EUSW8V3 CMPN Curncy,shared_term,PX_LAST,daily,true,AD,EUR,IRS,EUR-EURIBOR-3M,8Y,
EUSW9V3 CMPN Curncy,shared_term,PX_LAST,daily,true,AD,EUR,IRS,EUR-EURIBOR-3M,9Y,
EUSW10V3 CMPN Curncy,shared_term,PX_LAST,daily,true,AD,EUR,IRS,EUR-EURIBOR-3M,10Y,
EUSW11V3 CMPN Curncy,shared_term,PX_LAST,daily,true,AD,EUR,IRS,EUR-EURIBOR-3M,11Y,
EUSW12V3 CMPN Curncy,shared_term,PX_LAST,daily,true,AD,EUR,IRS,EUR-EURIBOR-3M,12Y,
EUSW15V3 CMPN Curncy,shared_term,PX_LAST,daily,true,AD,EUR,IRS,EUR-EURIBOR-3M,15Y,
EUSW18V3 CMPN Curncy,shared_term,PX_LAST,daily,true,AD,EUR,IRS,EUR-EURIBOR-3M,18Y,
EUSW20V3 CMPN Curncy,shared_term,PX_LAST,daily,true,AD,EUR,IRS,EUR-EURIBOR-3M,20Y,
EUSW25V3 CMPN Curncy,shared_term,PX_LAST,daily,true,AD,EUR,IRS,EUR-EURIBOR-3M,25Y,
EUSW30V3 CMPN Curncy,shared_term,PX_LAST,daily,true,AD,EUR,IRS,EUR-EURIBOR-3M,30Y,
EUSW35V3 CMPN Curncy,shared_term,PX_LAST,daily,true,AD,EUR,IRS,EUR-EURIBOR-3M,35Y,
EUSW40V3 CMPN Curncy,shared_term,PX_LAST,daily,true,AD,EUR,IRS,EUR-EURIBOR-3M,40Y,
EUR006M Index,shared_term,PX_LAST,daily,true,AD,EUR,IRS,EUR-EURIBOR-6M,6M,
EUSA1 BGN Curncy,shared_term,PX_LAST,daily,true,AD,EUR,IRS,EUR-EURIBOR-6M,1Y,
EUSA2 BGN Curncy,shared_term,PX_LAST,daily,true,AD,EUR,IRS,EUR-EURIBOR-6M,2Y,
EUSA3 BGN Curncy,shared_term,PX_LAST,daily,true,AD,EUR,IRS,EUR-EURIBOR-6M,3Y,
EUSA4 BGN Curncy,shared_term,PX_LAST,daily,true,AD,EUR,IRS,EUR-EURIBOR-6M,4Y,
EUSA5 BGN Curncy,shared_term,PX_LAST,daily,true,AD,EUR,IRS,EUR-EURIBOR-6M,5Y,
EUSA6 BGN Curncy,shared_term,PX_LAST,daily,true,AD,EUR,IRS,EUR-EURIBOR-6M,6Y,
EUSA7 BGN Curncy,shared_term,PX_LAST,daily,true,AD,EUR,IRS,EUR-EURIBOR-6M,7Y,
EUSA8 BGN Curncy,shared_term,PX_LAST,daily,true,AD,EUR,IRS,EUR-EURIBOR-6M,8Y,
EUSA9 BGN Curncy,shared_term,PX_LAST,daily,true,AD,EUR,IRS,EUR-EURIBOR-6M,9Y,
EUSA10 BGN Curncy,shared_term,PX_LAST,daily,true,AD,EUR,IRS,EUR-EURIBOR-6M,10Y,
EUSA11 BGN Curncy,shared_term,PX_LAST,daily,true,AD,EUR,IRS,EUR-EURIBOR-6M,11Y,
EUSA12 BGN Curncy,shared_term,PX_LAST,daily,true,AD,EUR,IRS,EUR-EURIBOR-6M,12Y,
EUSA15 BGN Curncy,shared_term,PX_LAST,daily,true,AD,EUR,IRS,EUR-EURIBOR-6M,15Y,
EUSA20 BGN Curncy,shared_term,PX_LAST,daily,true,AD,EUR,IRS,EUR-EURIBOR-6M,20Y,
EUSA25 BGN Curncy,shared_term,PX_LAST,daily,true,AD,EUR,IRS,EUR-EURIBOR-6M,25Y,
EUSA30 BGN Curncy,shared_term,PX_LAST,daily,true,AD,EUR,IRS,EUR-EURIBOR-6M,30Y,
EUSA35 BGN Curncy,shared_term,PX_LAST,daily,true,AD,EUR,IRS,EUR-EURIBOR-6M,35Y,
EUSA40 BGN Curncy,shared_term,PX_LAST,daily,true,AD,EUR,IRS,EUR-EURIBOR-6M,40Y,
HIHD03M Index,shared_term,PX_LAST,daily,true,AD,HKD,IRS,HKD-HIBOR-3M,3M,
HDSWF BGN Curncy,shared_term,PX_LAST,daily,true,AD,HKD,IRS,HKD-HIBOR-3M,6M,
HDSWI BGN Curncy,shared_term,PX_LAST,daily,true,AD,HKD,IRS,HKD-HIBOR-3M,9M,
HDSW1 BGN Curncy,shared_term,PX_LAST,daily,true,AD,HKD,IRS,HKD-HIBOR-3M,1Y,
HDSW2 BGN Curncy,shared_term,PX_LAST,daily,true,AD,HKD,IRS,HKD-HIBOR-3M,2Y,
HDSW3 BGN Curncy,shared_term,PX_LAST,daily,true,AD,HKD,IRS,HKD-HIBOR-3M,3Y,
HDSW4 BGN Curncy,shared_term,PX_LAST,daily,true,AD,HKD,IRS,HKD-HIBOR-3M,4Y,
HDSW5 BGN Curncy,shared_term,PX_LAST,daily,true,AD,HKD,IRS,HKD-HIBOR-3M,5Y,
HDSW6 BGN Curncy,shared_term,PX_LAST,daily,true,AD,HKD,IRS,HKD-HIBOR-3M,6Y,
HDSW7 BGN Curncy,shared_term,PX_LAST,daily,true,AD,HKD,IRS,HKD-HIBOR-3M,7Y,
HDSW10 BGN Curncy,shared_term,PX_LAST,daily,true,AD,HKD,IRS,HKD-HIBOR-3M,10Y,
HDSW12 BGN Curncy,shared_term,PX_LAST,daily,true,AD,HKD,IRS,HKD-HIBOR-3M,12Y,
HDSW15 BGN Curncy,shared_term,PX_LAST,daily,true,AD,HKD,IRS,HKD-HIBOR-3M,15Y,
KWCDC Curncy,shared_term,PX_LAST,daily,true,AD,KRO,IRS,KRO-91D_CD-3M,3M,
KWSWOF  CMPN Curncy,shared_term,PX_LAST,daily,true,AD,KRO,IRS,KRO-91D_CD-3M,6M,
KWSWOI  CMPN Curncy,shared_term,PX_LAST,daily,true,AD,KRO,IRS,KRO-91D_CD-3M,9M,
KWSWO1  CMPN Curncy,shared_term,PX_LAST,daily,true,AD,KRO,IRS,KRO-91D_CD-3M,1Y,
KWSWO2  CMPN Curncy,shared_term,PX_LAST,daily,true,AD,KRO,IRS,KRO-91D_CD-3M,2Y,
KWSWO3  CMPN Curncy,shared_term,PX_LAST,daily,true,AD,KRO,IRS,KRO-91D_CD-3M,3Y,
KWSWO4  CMPN Curncy,shared_term,PX_LAST,daily,true,AD,KRO,IRS,KRO-91D_CD-3M,4Y,
KWSWO5  CMPN Curncy,shared_term,PX_LAST,daily,true,AD,KRO,IRS,KRO-91D_CD-3M,5Y,
KWSWO6  CMPN Curncy,shared_term,PX_LAST,daily,true,AD,KRO,IRS,KRO-91D_CD-3M,6Y,
KWSWO7  CMPN Curncy,shared_term,PX_LAST,daily,true,AD,KRO,IRS,KRO-91D_CD-3M,7Y,
KWSWO10  CMPN Curncy,shared_term,PX_LAST,daily,true,AD,KRO,IRS,KRO-91D_CD-3M,10Y,
KWSWO12  CMPN Curncy,shared_term,PX_LAST,daily,true,AD,KRO,IRS,KRO-91D_CD-3M,12Y,
KWSWO15  CMPN Curncy,shared_term,PX_LAST,daily,true,AD,KRO,IRS,KRO-91D_CD-3M,15Y,
KWSWO20  CMPN Curncy,shared_term,PX_LAST,daily,true,AD,KRO,IRS,KRO-91D_CD-3M,20Y,
KWSWNIF  CMPN Curncy,shared_term,PX_LAST,daily,true,AD,KRW,IRS,KRW-91D_CD-3M,6M,
KWSWNII  CMPN Curncy,shared_term,PX_LAST,daily,true,AD,KRW,IRS,KRW-91D_CD-3M,9M,
KWSWNI1  CMPN Curncy,shared_term,PX_LAST,daily,true,AD,KRW,IRS,KRW-91D_CD-3M,1Y,
KWSWNI2  CMPN Curncy,shared_term,PX_LAST,daily,true,AD,KRW,IRS,KRW-91D_CD-3M,2Y,
KWSWNI3  CMPN Curncy,shared_term,PX_LAST,daily,true,AD,KRW,IRS,KRW-91D_CD-3M,3Y,
KWSWNI4  CMPN Curncy,shared_term,PX_LAST,daily,true,AD,KRW,IRS,KRW-91D_CD-3M,4Y,
KWSWNI5  CMPN Curncy,shared_term,PX_LAST,daily,true,AD,KRW,IRS,KRW-91D_CD-3M,5Y,
KWSWNI6  CMPN Curncy,shared_term,PX_LAST,daily,true,AD,KRW,IRS,KRW-91D_CD-3M,6Y,
KWSWNI7  CMPN Curncy,shared_term,PX_LAST,daily,true,AD,KRW,IRS,KRW-91D_CD-3M,7Y,
KWSWNI10  CMPN Curncy,shared_term,PX_LAST,daily,true,AD,KRW,IRS,KRW-91D_CD-3M,10Y,
KWSWNI12  CMPN Curncy,shared_term,PX_LAST,daily,true,AD,KRW,IRS,KRW-91D_CD-3M,12Y,
KWSWNI15  CMPN Curncy,shared_term,PX_LAST,daily,true,AD,KRW,IRS,KRW-91D_CD-3M,15Y,
KWSWNI20  CMPN Curncy,shared_term,PX_LAST,daily,true,AD,KRW,IRS,KRW-91D_CD-3M,20Y,
KLIB3M INDEX,shared_term,PX_LAST,daily,true,AD,MYR,IRS,MYR-KLIBOR-3M,3M,
MRSWNIF BLC3 CURNCY,shared_term,PX_LAST,daily,true,AD,MYR,IRS,MYR-KLIBOR-3M,6M,
MRSWNII BLC3 CURNCY,shared_term,PX_LAST,daily,true,AD,MYR,IRS,MYR-KLIBOR-3M,9M,
MRSWNI1 BLC3 CURNCY,shared_term,PX_LAST,daily,true,AD,MYR,IRS,MYR-KLIBOR-3M,1Y,
MRSWNI2 BLC3 CURNCY,shared_term,PX_LAST,daily,true,AD,MYR,IRS,MYR-KLIBOR-3M,2Y,
MRSWNI3 BLC3 CURNCY,shared_term,PX_LAST,daily,true,AD,MYR,IRS,MYR-KLIBOR-3M,3Y,
MRSWNI4 BLC3 CURNCY,shared_term,PX_LAST,daily,true,AD,MYR,IRS,MYR-KLIBOR-3M,4Y,
MRSWNI5 BLC3 CURNCY,shared_term,PX_LAST,daily,true,AD,MYR,IRS,MYR-KLIBOR-3M,5Y,
MRSWNI7 BLC3 CURNCY,shared_term,PX_LAST,daily,true,AD,MYR,IRS,MYR-KLIBOR-3M,7Y,
MRSWNI10 BLC3 CURNCY,shared_term,PX_LAST,daily,true,AD,MYR,IRS,MYR-KLIBOR-3M,10Y,
MRSWNI12 BLC3 CURNCY,shared_term,PX_LAST,daily,true,AD,MYR,IRS,MYR-KLIBOR-3M,12Y,
MRSWNI15 BLC3 CURNCY,shared_term,PX_LAST,daily,true,AD,MYR,IRS,MYR-KLIBOR-3M,15Y,
NDBB3M Curncy,shared_term,PX_LAST,daily,true,AD,NZD,IRS,NZD-BKBM-3M,3M,
NDSWF CMPN CURNCY,shared_term,PX_LAST,daily,true,AD,NZD,IRS,NZD-BKBM-3M,6M,
NDSWI CMPN CURNCY,shared_term,PX_LAST,daily,true,AD,NZD,IRS,NZD-BKBM-3M,9M,
NDSWAP1 CMPN CURNCY,shared_term,PX_LAST,daily,true,AD,NZD,IRS,NZD-BKBM-3M,1Y,
NDSWAP2 CMPN CURNCY,shared_term,PX_LAST,daily,true,AD,NZD,IRS,NZD-BKBM-3M,2Y,
NDSWAP3 CMPN CURNCY,shared_term,PX_LAST,daily,true,AD,NZD,IRS,NZD-BKBM-3M,3Y,
NDSWAP4 CMPN CURNCY,shared_term,PX_LAST,daily,true,AD,NZD,IRS,NZD-BKBM-3M,4Y,
NDSWAP5 CMPN CURNCY,shared_term,PX_LAST,daily,true,AD,NZD,IRS,NZD-BKBM-3M,5Y,
NDSWAP6 CMPN CURNCY,shared_term,PX_LAST,daily,true,AD,NZD,IRS,NZD-BKBM-3M,6Y,
NDSWAP7 CMPN CURNCY,shared_term,PX_LAST,daily,true,AD,NZD,IRS,NZD-BKBM-3M,7Y,
NDSWAP10 CMPN CURNCY,shared_term,PX_LAST,daily,true,AD,NZD,IRS,NZD-BKBM-3M,10Y,
NDSWAP12 CMPN CURNCY,shared_term,PX_LAST,daily,true,AD,NZD,IRS,NZD-BKBM-3M,12Y,
NDSWAP15 CMPN CURNCY,shared_term,PX_LAST,daily,true,AD,NZD,IRS,NZD-BKBM-3M,15Y,
NDSWAP20 CMPN CURNCY,shared_term,PX_LAST,daily,true,AD,NZD,IRS,NZD-BKBM-3M,20Y,
TAIBOR3M index,shared_term,PX_LAST,daily,true,AD,TWD,IRS,TWD-TAIBOR-3M,3M,
TDSWNIF Curncy,shared_term,PX_LAST,daily,true,AD,TWD,IRS,TWD-TAIBOR-3M,6M,
TDSWNI1 Curncy,shared_term,PX_LAST,daily,true,AD,TWD,IRS,TWD-TAIBOR-3M,1Y,
TDSWNI2 Curncy,shared_term,PX_LAST,daily,true,AD,TWD,IRS,TWD-TAIBOR-3M,2Y,
TDSWNI3 Curncy,shared_term,PX_LAST,daily,true,AD,TWD,IRS,TWD-TAIBOR-3M,3Y,
TDSWNI4 Curncy,shared_term,PX_LAST,daily,true,AD,TWD,IRS,TWD-TAIBOR-3M,4Y,
TDSWNI5 Curncy,shared_term,PX_LAST,daily,true,AD,TWD,IRS,TWD-TAIBOR-3M,5Y,
TDSWNI7 Curncy,shared_term,PX_LAST,daily,true,AD,TWD,IRS,TWD-TAIBOR-3M,7Y,
TDSWNI10 Curncy,shared_term,PX_LAST,daily,true,AD,TWD,IRS,TWD-TAIBOR-3M,10Y,
TDSWNI12 Curncy,shared_term,PX_LAST,daily,true,AD,TWD,IRS,TWD-TAIBOR-3M,12Y,
TDSWNI15 Curncy,shared_term,PX_LAST,daily,true,AD,TWD,IRS,TWD-TAIBOR-3M,15Y,
RBACOR Index,shared_term,PX_LAST,daily,true,AD,AUD,OIS,AUD-AONIA-ON,1D,
ADSO1Z BGN Curncy,shared_term,PX_LAST,daily,true,AD,AUD,OIS,AUD-AONIA-ON,1W,
ADSOA BGN Curncy,shared_term,PX_LAST,daily,true,AD,AUD,OIS,AUD-AONIA-ON,4W,
ADSOB BGN Curncy,shared_term,PX_LAST,daily,true,AD,AUD,OIS,AUD-AONIA-ON,2M,
ADSOC BGN Curncy,shared_term,PX_LAST,daily,true,AD,AUD,OIS,AUD-AONIA-ON,3M,
ADSOD BGN Curncy,shared_term,PX_LAST,daily,true,AD,AUD,OIS,AUD-AONIA-ON,4M,
ADSOE BGN Curncy,shared_term,PX_LAST,daily,true,AD,AUD,OIS,AUD-AONIA-ON,5M,
ADSOF BGN Curncy,shared_term,PX_LAST,daily,true,AD,AUD,OIS,AUD-AONIA-ON,6M,
ADSOI BGN Curncy,shared_term,PX_LAST,daily,true,AD,AUD,OIS,AUD-AONIA-ON,9M,
ADSO1 BGN Curncy,shared_term,PX_LAST,daily,true,AD,AUD,OIS,AUD-AONIA-ON,1Y,
ADSO1F BGN Curncy,shared_term,PX_LAST,daily,true,AD,AUD,OIS,AUD-AONIA-ON,18M,
ADSO2 BGN Curncy,shared_term,PX_LAST,daily,true,AD,AUD,OIS,AUD-AONIA-ON,2Y,
ADSO3 BGN Curncy,shared_term,PX_LAST,daily,true,AD,AUD,OIS,AUD-AONIA-ON,3Y,
ADSO4 BGN Curncy,shared_term,PX_LAST,daily,true,AD,AUD,OIS,AUD-AONIA-ON,4Y,
ADSO5 BGN Curncy,shared_term,PX_LAST,daily,true,AD,AUD,OIS,AUD-AONIA-ON,5Y,
ADSO6 BGN Curncy,shared_term,PX_LAST,daily,true,AD,AUD,OIS,AUD-AONIA-ON,6Y,
ADSO7 BGN Curncy,shared_term,PX_LAST,daily,true,AD,AUD,OIS,AUD-AONIA-ON,7Y,
ADSO8 BGN Curncy,shared_term,PX_LAST,daily,true,AD,AUD,OIS,AUD-AONIA-ON,8Y,
ADSO9 BGN Curncy,shared_term,PX_LAST,daily,true,AD,AUD,OIS,AUD-AONIA-ON,9Y,
ADSO10 BGN Curncy,shared_term,PX_LAST,daily,true,AD,AUD,OIS,AUD-AONIA-ON,10Y,
ADSO12 BGN Curncy,shared_term,PX_LAST,daily,true,AD,AUD,OIS,AUD-AONIA-ON,12Y,
ADSO15 BGN Curncy,shared_term,PX_LAST,daily,true,AD,AUD,OIS,AUD-AONIA-ON,15Y,
ADSO20 BGN Curncy,shared_term,PX_LAST,daily,true,AD,AUD,OIS,AUD-AONIA-ON,20Y,
ADSO25 BGN Curncy,shared_term,PX_LAST,daily,true,AD,AUD,OIS,AUD-AONIA-ON,25Y,
ADSO30 BGN Curncy,shared_term,PX_LAST,daily,true,AD,AUD,OIS,AUD-AONIA-ON,30Y,
CAONREPO INDEX,shared_term,PX_LAST,daily,true,AD,CAD,OIS,CAD-CORRA-ON,0,
CDSO1Z BGN CURNCY,shared_term,PX_LAST,daily,true,AD,CAD,OIS,CAD-CORRA-ON,1W,
CDSO2Z BGN CURNCY,shared_term,PX_LAST,daily,true,AD,CAD,OIS,CAD-CORRA-ON,2W,
CDSOA BGN CURNCY,shared_term,PX_LAST,daily,true,AD,CAD,OIS,CAD-CORRA-ON,4W,
CDSOB BGN CURNCY,shared_term,PX_LAST,daily,true,AD,CAD,OIS,CAD-CORRA-ON,2M,
CDSOC BGN CURNCY,shared_term,PX_LAST,daily,true,AD,CAD,OIS,CAD-CORRA-ON,3M,
CDSOD BGN CURNCY,shared_term,PX_LAST,daily,true,AD,CAD,OIS,CAD-CORRA-ON,4M,
CDSOE BGN CURNCY,shared_term,PX_LAST,daily,true,AD,CAD,OIS,CAD-CORRA-ON,5M,
CDSOF BGN CURNCY,shared_term,PX_LAST,daily,true,AD,CAD,OIS,CAD-CORRA-ON,6M,
CDSOI BGN CURNCY,shared_term,PX_LAST,daily,true,AD,CAD,OIS,CAD-CORRA-ON,9M,
CDSO1 BGN CURNCY,shared_term,PX_LAST,daily,true,AD,CAD,OIS,CAD-CORRA-ON,1Y,
CDSO2 BGN CURNCY,shared_term,PX_LAST,daily,true,AD,CAD,OIS,CAD-CORRA-ON,2Y,
CDSO3 BGN CURNCY,shared_term,PX_LAST,daily,true,AD,CAD,OIS,CAD-CORRA-ON,3Y,
CDSO4 BGN CURNCY,shared_term,PX_LAST,daily,true,AD,CAD,OIS,CAD-CORRA-ON,4Y,
CDSO5 BGN CURNCY,shared_term,PX_LAST,daily,true,AD,CAD,OIS,CAD-CORRA-ON,5Y,
SRFXON3 INDEX,shared_term,PX_LAST,daily,true,AD,CHF,OIS,CHF-SARON-ON,0,
SFSNT1Z CMPN CURNCY,shared_term,PX_LAST,daily,true,AD,CHF,OIS,CHF-SARON-ON,1W,
SFSNT2Z CMPN CURNCY,shared_term,PX_LAST,daily,true,AD,CHF,OIS,CHF-SARON-ON,2W,
SFSNTA CMPN CURNCY,shared_term,PX_LAST,daily,true,AD,CHF,OIS,CHF-SARON-ON,4W,
SFSNTB CMPN CURNCY,shared_term,PX_LAST,daily,true,AD,CHF,OIS,CHF-SARON-ON,2M,
SFSNTC CMPN CURNCY,shared_term,PX_LAST,daily,true,AD,CHF,OIS,CHF-SARON-ON,3M,
SFSNTD CMPN CURNCY,shared_term,PX_LAST,daily,true,AD,CHF,OIS,CHF-SARON-ON,4M,
SFSNTE CMPN CURNCY,shared_term,PX_LAST,daily,true,AD,CHF,OIS,CHF-SARON-ON,5M,
SFSNTF CMPN CURNCY,shared_term,PX_LAST,daily,true,AD,CHF,OIS,CHF-SARON-ON,6M,
SFSNTG CMPN CURNCY,shared_term,PX_LAST,daily,true,AD,CHF,OIS,CHF-SARON-ON,7M,
SFSNTH CMPN CURNCY,shared_term,PX_LAST,daily,true,AD,CHF,OIS,CHF-SARON-ON,8M,
SFSNTI CMPN CURNCY,shared_term,PX_LAST,daily,true,AD,CHF,OIS,CHF-SARON-ON,9M,
SFSNTJ CMPN CURNCY,shared_term,PX_LAST,daily,true,AD,CHF,OIS,CHF-SARON-ON,10M,
SFSNTK CMPN CURNCY,shared_term,PX_LAST,daily,true,AD,CHF,OIS,CHF-SARON-ON,11M,
SFSNT1 CMPN CURNCY,shared_term,PX_LAST,daily,true,AD,CHF,OIS,CHF-SARON-ON,1Y,
SFSNT1C CMPN CURNCY,shared_term,PX_LAST,daily,true,AD,CHF,OIS,CHF-SARON-ON,15M,
SFSNT1F CMPN CURNCY,shared_term,PX_LAST,daily,true,AD,CHF,OIS,CHF-SARON-ON,18M,
SFSNT1I CMPN CURNCY,shared_term,PX_LAST,daily,true,AD,CHF,OIS,CHF-SARON-ON,21M,
SFSNT2 CMPN CURNCY,shared_term,PX_LAST,daily,true,AD,CHF,OIS,CHF-SARON-ON,2Y,
SFSNT3 CMPN CURNCY,shared_term,PX_LAST,daily,true,AD,CHF,OIS,CHF-SARON-ON,3Y,
SFSNT4 CMPN CURNCY,shared_term,PX_LAST,daily,true,AD,CHF,OIS,CHF-SARON-ON,4Y,
SFSNT5 CMPN CURNCY,shared_term,PX_LAST,daily,true,AD,CHF,OIS,CHF-SARON-ON,5Y,
SFSNT6 CMPN CURNCY,shared_term,PX_LAST,daily,true,AD,CHF,OIS,CHF-SARON-ON,6Y,
SFSNT7 CMPN CURNCY,shared_term,PX_LAST,daily,true,AD,CHF,OIS,CHF-SARON-ON,7Y,
SFSNT8 CMPN CURNCY,shared_term,PX_LAST,daily,true,AD,CHF,OIS,CHF-SARON-ON,8Y,
SFSNT9 CMPN CURNCY,shared_term,PX_LAST,daily,true,AD,CHF,OIS,CHF-SARON-ON,9Y,
SFSNT10 CMPN CURNCY,shared_term,PX_LAST,daily,true,AD,CHF,OIS,CHF-SARON-ON,10Y,
SFSNT12 CMPN CURNCY,shared_term,PX_LAST,daily,true,AD,CHF,OIS,CHF-SARON-ON,12Y,
SFSNT15 CMPN CURNCY,shared_term,PX_LAST,daily,true,AD,CHF,OIS,CHF-SARON-ON,15Y,
SFSNT20 CMPN CURNCY,shared_term,PX_LAST,daily,true,AD,CHF,OIS,CHF-SARON-ON,20Y,
SFSNT25 CMPN CURNCY,shared_term,PX_LAST,daily,true,AD,CHF,OIS,CHF-SARON-ON,25Y,
SFSNT30 CMPN CURNCY,shared_term,PX_LAST,daily,true,AD,CHF,OIS,CHF-SARON-ON,30Y,
ESTRON Index,shared_term,PX_LAST,daily,true,AD,EUR,OIS,EUR-ESTR-ON,1D,
EESWE1Z  BGN Curncy,shared_term,PX_LAST,daily,true,AD,EUR,OIS,EUR-ESTR-ON,1W,
EESWE2Z  BGN Curncy,shared_term,PX_LAST,daily,true,AD,EUR,OIS,EUR-ESTR-ON,2W,
EESWEA   BGN Curncy,shared_term,PX_LAST,daily,true,AD,EUR,OIS,EUR-ESTR-ON,4W,
EESWEB   BGN Curncy,shared_term,PX_LAST,daily,true,AD,EUR,OIS,EUR-ESTR-ON,2M,
EESWEC   BGN Curncy,shared_term,PX_LAST,daily,true,AD,EUR,OIS,EUR-ESTR-ON,3M,
EESWED   BGN Curncy,shared_term,PX_LAST,daily,true,AD,EUR,OIS,EUR-ESTR-ON,4M,
EESWEE   BGN Curncy,shared_term,PX_LAST,daily,true,AD,EUR,OIS,EUR-ESTR-ON,5M,
EESWEF   BGN Curncy,shared_term,PX_LAST,daily,true,AD,EUR,OIS,EUR-ESTR-ON,6M,
EESWEG   BGN Curncy,shared_term,PX_LAST,daily,true,AD,EUR,OIS,EUR-ESTR-ON,7M,
EESWEH   BGN Curncy,shared_term,PX_LAST,daily,true,AD,EUR,OIS,EUR-ESTR-ON,8M,
EESWEI   BGN Curncy,shared_term,PX_LAST,daily,true,AD,EUR,OIS,EUR-ESTR-ON,9M,
EESWEJ   BGN Curncy,shared_term,PX_LAST,daily,true,AD,EUR,OIS,EUR-ESTR-ON,10M,
EESWEK   BGN Curncy,shared_term,PX_LAST,daily,true,AD,EUR,OIS,EUR-ESTR-ON,11M,
EESWE1   BGN Curncy,shared_term,PX_LAST,daily,true,AD,EUR,OIS,EUR-ESTR-ON,1Y,
EESWE1F  BGN Curncy,shared_term,PX_LAST,daily,true,AD,EUR,OIS,EUR-ESTR-ON,18M,
EESWE2   BGN Curncy,shared_term,PX_LAST,daily,true,AD,EUR,OIS,EUR-ESTR-ON,2Y,
EESWE3   BGN Curncy,shared_term,PX_LAST,daily,true,AD,EUR,OIS,EUR-ESTR-ON,3Y,
EESWE4   BGN Curncy,shared_term,PX_LAST,daily,true,AD,EUR,OIS,EUR-ESTR-ON,4Y,
EESWE5   BGN Curncy,shared_term,PX_LAST,daily,true,AD,EUR,OIS,EUR-ESTR-ON,5Y,
EESWE6   BGN Curncy,shared_term,PX_LAST,daily,true,AD,EUR,OIS,EUR-ESTR-ON,6Y,
EESWE7   BGN Curncy,shared_term,PX_LAST,daily,true,AD,EUR,OIS,EUR-ESTR-ON,7Y,
EESWE8   BGN Curncy,shared_term,PX_LAST,daily,true,AD,EUR,OIS,EUR-ESTR-ON,8Y,
EESWE9   BGN Curncy,shared_term,PX_LAST,daily,true,AD,EUR,OIS,EUR-ESTR-ON,9Y,
EESWE10  BGN Curncy,shared_term,PX_LAST,daily,true,AD,EUR,OIS,EUR-ESTR-ON,10Y,
EESWE11  BGN Curncy,shared_term,PX_LAST,daily,true,AD,EUR,OIS,EUR-ESTR-ON,11Y,
EESWE12  BGN Curncy,shared_term,PX_LAST,daily,true,AD,EUR,OIS,EUR-ESTR-ON,12Y,
EESWE15  BGN Curncy,shared_term,PX_LAST,daily,true,AD,EUR,OIS,EUR-ESTR-ON,15Y,
EESWE20  BGN Curncy,shared_term,PX_LAST,daily,true,AD,EUR,OIS,EUR-ESTR-ON,20Y,
EESWE25  BGN Curncy,shared_term,PX_LAST,daily,true,AD,EUR,OIS,EUR-ESTR-ON,25Y,
EESWE30  BGN Curncy,shared_term,PX_LAST,daily,true,AD,EUR,OIS,EUR-ESTR-ON,30Y,
EESWE40  BGN Curncy,shared_term,PX_LAST,daily,true,AD,EUR,OIS,EUR-ESTR-ON,40Y,
EESWE50  BGN Curncy,shared_term,PX_LAST,daily,true,AD,EUR,OIS,EUR-ESTR-ON,50Y,
SONIO/N INDEX,shared_term,PX_LAST,daily,true,AD,GBP,OIS,GBP-SONIA-ON,0,
BPSWS1Z CMPN CURNCY,shared_term,PX_LAST,daily,true,AD,GBP,OIS,GBP-SONIA-ON,1W,
BPSWS2Z CMPN CURNCY,shared_term,PX_LAST,daily,true,AD,GBP,OIS,GBP-SONIA-ON,2W,
BPSWSA CMPN CURNCY,shared_term,PX_LAST,daily,true,AD,GBP,OIS,GBP-SONIA-ON,4W,
BPSWSB CMPN CURNCY,shared_term,PX_LAST,daily,true,AD,GBP,OIS,GBP-SONIA-ON,2M,
BPSWSC CMPN CURNCY,shared_term,PX_LAST,daily,true,AD,GBP,OIS,GBP-SONIA-ON,3M,
BPSWSD CMPN CURNCY,shared_term,PX_LAST,daily,true,AD,GBP,OIS,GBP-SONIA-ON,4M,
BPSWSE CMPN CURNCY,shared_term,PX_LAST,daily,true,AD,GBP,OIS,GBP-SONIA-ON,5M,
BPSWSF CMPN CURNCY,shared_term,PX_LAST,daily,true,AD,GBP,OIS,GBP-SONIA-ON,6M,
BPSWSG CMPN CURNCY,shared_term,PX_LAST,daily,true,AD,GBP,OIS,GBP-SONIA-ON,7M,
BPSWSH CMPN CURNCY,shared_term,PX_LAST,daily,true,AD,GBP,OIS,GBP-SONIA-ON,8M,
BPSWSI CMPN CURNCY,shared_term,PX_LAST,daily,true,AD,GBP,OIS,GBP-SONIA-ON,9M,
BPSWSJ CMPN CURNCY,shared_term,PX_LAST,daily,true,AD,GBP,OIS,GBP-SONIA-ON,10M,
BPSWSK CMPN CURNCY,shared_term,PX_LAST,daily,true,AD,GBP,OIS,GBP-SONIA-ON,11M,
BPSWS1 CMPN CURNCY,shared_term,PX_LAST,daily,true,AD,GBP,OIS,GBP-SONIA-ON,1Y,
BPSWS1F CMPN CURNCY,shared_term,PX_LAST,daily,true,AD,GBP,OIS,GBP-SONIA-ON,18M,
BPSWS2 CMPN CURNCY,shared_term,PX_LAST,daily,true,AD,GBP,OIS,GBP-SONIA-ON,2Y,
BPSWS3 CMPN CURNCY,shared_term,PX_LAST,daily,true,AD,GBP,OIS,GBP-SONIA-ON,3Y,
BPSWS4 CMPN CURNCY,shared_term,PX_LAST,daily,true,AD,GBP,OIS,GBP-SONIA-ON,4Y,
BPSWS5 CMPN CURNCY,shared_term,PX_LAST,daily,true,AD,GBP,OIS,GBP-SONIA-ON,5Y,
BPSWS6 CMPN CURNCY,shared_term,PX_LAST,daily,true,AD,GBP,OIS,GBP-SONIA-ON,6Y,
BPSWS7 CMPN CURNCY,shared_term,PX_LAST,daily,true,AD,GBP,OIS,GBP-SONIA-ON,7Y,
BPSWS8 CMPN CURNCY,shared_term,PX_LAST,daily,true,AD,GBP,OIS,GBP-SONIA-ON,8Y,
BPSWS9 CMPN CURNCY,shared_term,PX_LAST,daily,true,AD,GBP,OIS,GBP-SONIA-ON,9Y,
BPSWS10 CMPN CURNCY,shared_term,PX_LAST,daily,true,AD,GBP,OIS,GBP-SONIA-ON,10Y,
BPSWS12 CMPN CURNCY,shared_term,PX_LAST,daily,true,AD,GBP,OIS,GBP-SONIA-ON,12Y,
BPSWS15 CMPN CURNCY,shared_term,PX_LAST,daily,true,AD,GBP,OIS,GBP-SONIA-ON,15Y,
BPSWS20 CMPN CURNCY,shared_term,PX_LAST,daily,true,AD,GBP,OIS,GBP-SONIA-ON,20Y,
BPSWS25 CMPN CURNCY,shared_term,PX_LAST,daily,true,AD,GBP,OIS,GBP-SONIA-ON,25Y,
BPSWS30 CMPN CURNCY,shared_term,PX_LAST,daily,true,AD,GBP,OIS,GBP-SONIA-ON,30Y,
BPSWS40 CMPN CURNCY,shared_term,PX_LAST,daily,true,AD,GBP,OIS,GBP-SONIA-ON,40Y,
BPSWS50 CMPN CURNCY,shared_term,PX_LAST,daily,true,AD,GBP,OIS,GBP-SONIA-ON,50Y,
SHIRON INDEX,shared_term,PX_LAST,daily,true,AD,ILS,OIS,ILS-SHIR-ON,1D,
ISOISC BGN Curncy,shared_term,PX_LAST,daily,true,AD,ILS,OIS,ILS-SHIR-ON,3M,
ISOISF BGN Curncy,shared_term,PX_LAST,daily,true,AD,ILS,OIS,ILS-SHIR-ON,6M,
ISOISI BGN Curncy,shared_term,PX_LAST,daily,true,AD,ILS,OIS,ILS-SHIR-ON,9M,
ISOIS1 BGN Curncy,shared_term,PX_LAST,daily,true,AD,ILS,OIS,ILS-SHIR-ON,1Y,
ISOIS2 BGN Curncy,shared_term,PX_LAST,daily,true,AD,ILS,OIS,ILS-SHIR-ON,2Y,
ISOIS3 BGN Curncy,shared_term,PX_LAST,daily,true,AD,ILS,OIS,ILS-SHIR-ON,3Y,
ISOIS4 BGN Curncy,shared_term,PX_LAST,daily,true,AD,ILS,OIS,ILS-SHIR-ON,4Y,
ISOIS5 BGN Curncy,shared_term,PX_LAST,daily,true,AD,ILS,OIS,ILS-SHIR-ON,5Y,
ISOIS6 BGN Curncy,shared_term,PX_LAST,daily,true,AD,ILS,OIS,ILS-SHIR-ON,6Y,
ISOIS7 BGN Curncy,shared_term,PX_LAST,daily,true,AD,ILS,OIS,ILS-SHIR-ON,7Y,
ISOIS10 BGN Curncy,shared_term,PX_LAST,daily,true,AD,ILS,OIS,ILS-SHIR-ON,10Y,
ISOIS12 BGN Curncy,shared_term,PX_LAST,daily,true,AD,ILS,OIS,ILS-SHIR-ON,12Y,
ISOIS15 BGN Curncy,shared_term,PX_LAST,daily,true,AD,ILS,OIS,ILS-SHIR-ON,15Y,
ISOIS20 BGN Curncy,shared_term,PX_LAST,daily,true,AD,ILS,OIS,ILS-SHIR-ON,20Y,
IN00O/N Index,shared_term,PX_LAST,daily,true,AD,INR,OIS,INR-MIBOR-ON,1D,
IRSWNIA BGN Curncy,shared_term,PX_LAST,daily,true,AD,INR,OIS,INR-MIBOR-ON,4W,
IRSWNIB BGN Curncy,shared_term,PX_LAST,daily,true,AD,INR,OIS,INR-MIBOR-ON,2M,
IRSWNIC BGN Curncy,shared_term,PX_LAST,daily,true,AD,INR,OIS,INR-MIBOR-ON,3M,
IRSWNIF BGN Curncy,shared_term,PX_LAST,daily,true,AD,INR,OIS,INR-MIBOR-ON,6M,
IRSWNII BGN Curncy,shared_term,PX_LAST,daily,true,AD,INR,OIS,INR-MIBOR-ON,9M,
IRSWNI1 BGN Curncy,shared_term,PX_LAST,daily,true,AD,INR,OIS,INR-MIBOR-ON,1Y,
IRSWNI2 BGN Curncy,shared_term,PX_LAST,daily,true,AD,INR,OIS,INR-MIBOR-ON,2Y,
IRSWNI3 BGN Curncy,shared_term,PX_LAST,daily,true,AD,INR,OIS,INR-MIBOR-ON,3Y,
IRSWNI4 BGN Curncy,shared_term,PX_LAST,daily,true,AD,INR,OIS,INR-MIBOR-ON,4Y,
IRSWNI5 BGN Curncy,shared_term,PX_LAST,daily,true,AD,INR,OIS,INR-MIBOR-ON,5Y,
IRSWNI7 BGN Curncy,shared_term,PX_LAST,daily,true,AD,INR,OIS,INR-MIBOR-ON,7Y,
IRSWNI10 BGN Curncy,shared_term,PX_LAST,daily,true,AD,INR,OIS,INR-MIBOR-ON,10Y,
MUTKCALM      Index,shared_term,PX_LAST,daily,true,AD,JPY,OIS,JPY-TONAR-ON,1D,
JYSO1Z   BGN  Curncy,shared_term,PX_LAST,daily,true,AD,JPY,OIS,JPY-TONAR-ON,1W,
JYSO2Z   BGN  Curncy,shared_term,PX_LAST,daily,true,AD,JPY,OIS,JPY-TONAR-ON,2W,
JYSO3Z   BGN  Curncy,shared_term,PX_LAST,daily,true,AD,JPY,OIS,JPY-TONAR-ON,3W,
JYSOA    BGN  Curncy,shared_term,PX_LAST,daily,true,AD,JPY,OIS,JPY-TONAR-ON,4W,
JYSOB    BGN  Curncy,shared_term,PX_LAST,daily,true,AD,JPY,OIS,JPY-TONAR-ON,2M,
JYSOC    BGN  Curncy,shared_term,PX_LAST,daily,true,AD,JPY,OIS,JPY-TONAR-ON,3M,
JYSOD    BGN  Curncy,shared_term,PX_LAST,daily,true,AD,JPY,OIS,JPY-TONAR-ON,4M,
JYSOE    BGN  Curncy,shared_term,PX_LAST,daily,true,AD,JPY,OIS,JPY-TONAR-ON,5M,
JYSOF    BGN  Curncy,shared_term,PX_LAST,daily,true,AD,JPY,OIS,JPY-TONAR-ON,6M,
JYSOG    BGN  Curncy,shared_term,PX_LAST,daily,true,AD,JPY,OIS,JPY-TONAR-ON,7M,
JYSOH    BGN  Curncy,shared_term,PX_LAST,daily,true,AD,JPY,OIS,JPY-TONAR-ON,8M,
JYSOI    BGN  Curncy,shared_term,PX_LAST,daily,true,AD,JPY,OIS,JPY-TONAR-ON,9M,
JYSOJ    BGN  Curncy,shared_term,PX_LAST,daily,true,AD,JPY,OIS,JPY-TONAR-ON,10M,
JYSOK    BGN  Curncy,shared_term,PX_LAST,daily,true,AD,JPY,OIS,JPY-TONAR-ON,11M,
JYSO1    BGN  Curncy,shared_term,PX_LAST,daily,true,AD,JPY,OIS,JPY-TONAR-ON,1Y,
JYSO1C   BGN  Curncy,shared_term,PX_LAST,daily,true,AD,JPY,OIS,JPY-TONAR-ON,15M,
JYSO1F   BGN  Curncy,shared_term,PX_LAST,daily,true,AD,JPY,OIS,JPY-TONAR-ON,18M,
JYSO2    BGN  Curncy,shared_term,PX_LAST,daily,true,AD,JPY,OIS,JPY-TONAR-ON,2Y,
JYSO3    BGN  Curncy,shared_term,PX_LAST,daily,true,AD,JPY,OIS,JPY-TONAR-ON,3Y,
JYSO4    BGN  Curncy,shared_term,PX_LAST,daily,true,AD,JPY,OIS,JPY-TONAR-ON,4Y,
JYSO5    BGN  Curncy,shared_term,PX_LAST,daily,true,AD,JPY,OIS,JPY-TONAR-ON,5Y,
JYSO6    BGN  Curncy,shared_term,PX_LAST,daily,true,AD,JPY,OIS,JPY-TONAR-ON,6Y,
JYSO7    BGN  Curncy,shared_term,PX_LAST,daily,true,AD,JPY,OIS,JPY-TONAR-ON,7Y,
JYSO8    BGN  Curncy,shared_term,PX_LAST,daily,true,AD,JPY,OIS,JPY-TONAR-ON,8Y,
JYSO9    BGN  Curncy,shared_term,PX_LAST,daily,true,AD,JPY,OIS,JPY-TONAR-ON,9Y,
JYSO10   BGN  Curncy,shared_term,PX_LAST,daily,true,AD,JPY,OIS,JPY-TONAR-ON,10Y,
JYSO11   BGN  Curncy,shared_term,PX_LAST,daily,true,AD,JPY,OIS,JPY-TONAR-ON,11Y,
JYSO12   BGN  Curncy,shared_term,PX_LAST,daily,true,AD,JPY,OIS,JPY-TONAR-ON,12Y,
JYSO15   BGN  Curncy,shared_term,PX_LAST,daily,true,AD,JPY,OIS,JPY-TONAR-ON,15Y,
JYSO20   BGN  Curncy,shared_term,PX_LAST,daily,true,AD,JPY,OIS,JPY-TONAR-ON,20Y,
JYSO25   BGN  Curncy,shared_term,PX_LAST,daily,true,AD,JPY,OIS,JPY-TONAR-ON,25Y,
JYSO30   BGN  Curncy,shared_term,PX_LAST,daily,true,AD,JPY,OIS,JPY-TONAR-ON,30Y,
JYSO35   BGN  Curncy,shared_term,PX_LAST,daily,true,AD,JPY,OIS,JPY-TONAR-ON,35Y,
JYSO40   BGN  Curncy,shared_term,PX_LAST,daily,true,AD,JPY,OIS,JPY-TONAR-ON,40Y,
NZOCRS Index,shared_term,PX_LAST,daily,true,AD,NZD,OIS,NZD-NZOCRS-ON,1D,
NDSOA CMPN Curncy,shared_term,PX_LAST,daily,true,AD,NZD,OIS,NZD-NZOCRS-ON,4W,
NDSOB CMPN Curncy,shared_term,PX_LAST,daily,true,AD,NZD,OIS,NZD-NZOCRS-ON,2M,
NDSOC CMPN Curncy,shared_term,PX_LAST,daily,true,AD,NZD,OIS,NZD-NZOCRS-ON,3M,
NDSOF CMPN Curncy,shared_term,PX_LAST,daily,true,AD,NZD,OIS,NZD-NZOCRS-ON,6M,
NDSOI CMPN Curncy,shared_term,PX_LAST,daily,true,AD,NZD,OIS,NZD-NZOCRS-ON,9M,
NDSO1 CMPN Curncy,shared_term,PX_LAST,daily,true,AD,NZD,OIS,NZD-NZOCRS-ON,1Y,
NDSO2 CMPN Curncy,shared_term,PX_LAST,daily,true,AD,NZD,OIS,NZD-NZOCRS-ON,2Y,
NDSO3 CMPN Curncy,shared_term,PX_LAST,daily,true,AD,NZD,OIS,NZD-NZOCRS-ON,3Y,
NDSO4 CMPN Curncy,shared_term,PX_LAST,daily,true,AD,NZD,OIS,NZD-NZOCRS-ON,4Y,
NDSO5 CMPN Curncy,shared_term,PX_LAST,daily,true,AD,NZD,OIS,NZD-NZOCRS-ON,5Y,
NDSO6 CMPN Curncy,shared_term,PX_LAST,daily,true,AD,NZD,OIS,NZD-NZOCRS-ON,6Y,
NDSO7 CMPN Curncy,shared_term,PX_LAST,daily,true,AD,NZD,OIS,NZD-NZOCRS-ON,7Y,
NDSO8 CMPN Curncy,shared_term,PX_LAST,daily,true,AD,NZD,OIS,NZD-NZOCRS-ON,8Y,
NDSO9 CMPN Curncy,shared_term,PX_LAST,daily,true,AD,NZD,OIS,NZD-NZOCRS-ON,9Y,
NDSO10 CMPN Curncy,shared_term,PX_LAST,daily,true,AD,NZD,OIS,NZD-NZOCRS-ON,10Y,
NDSO12 CMPN Curncy,shared_term,PX_LAST,daily,true,AD,NZD,OIS,NZD-NZOCRS-ON,12Y,
NDSO15 CMPN Curncy,shared_term,PX_LAST,daily,true,AD,NZD,OIS,NZD-NZOCRS-ON,15Y,
NDSO20 CMPN Curncy,shared_term,PX_LAST,daily,true,AD,NZD,OIS,NZD-NZOCRS-ON,20Y,
SIBCSORA Index,shared_term,PX_LAST,daily,true,AD,SGD,OIS,SGD-SOR-ON,1D,
SDSOAA BGN Curncy,shared_term,PX_LAST,daily,true,AD,SGD,OIS,SGD-SOR-ON,4W,
SDSOAB BGN Curncy,shared_term,PX_LAST,daily,true,AD,SGD,OIS,SGD-SOR-ON,2M,
SDSOAC BGN Curncy,shared_term,PX_LAST,daily,true,AD,SGD,OIS,SGD-SOR-ON,3M,
SDSOAF BGN Curncy,shared_term,PX_LAST,daily,true,AD,SGD,OIS,SGD-SOR-ON,6M,
SDSOAI BGN Curncy,shared_term,PX_LAST,daily,true,AD,SGD,OIS,SGD-SOR-ON,9M,
SDSOA1 BGN Curncy,shared_term,PX_LAST,daily,true,AD,SGD,OIS,SGD-SOR-ON,1Y,
SDSOA1F BGN Curncy,shared_term,PX_LAST,daily,true,AD,SGD,OIS,SGD-SOR-ON,18M,
SDSOA2 BGN Curncy,shared_term,PX_LAST,daily,true,AD,SGD,OIS,SGD-SOR-ON,2Y,
SDSOA3 BGN Curncy,shared_term,PX_LAST,daily,true,AD,SGD,OIS,SGD-SOR-ON,3Y,
SDSOA4 BGN Curncy,shared_term,PX_LAST,daily,true,AD,SGD,OIS,SGD-SOR-ON,4Y,
SDSOA5 BGN Curncy,shared_term,PX_LAST,daily,true,AD,SGD,OIS,SGD-SOR-ON,5Y,
SDSOA6 BGN Curncy,shared_term,PX_LAST,daily,true,AD,SGD,OIS,SGD-SOR-ON,6Y,
SDSOA7 BGN Curncy,shared_term,PX_LAST,daily,true,AD,SGD,OIS,SGD-SOR-ON,7Y,
SDSOA8 BGN Curncy,shared_term,PX_LAST,daily,true,AD,SGD,OIS,SGD-SOR-ON,8Y,
SDSOA9 BGN Curncy,shared_term,PX_LAST,daily,true,AD,SGD,OIS,SGD-SOR-ON,9Y,
SDSOA10 BGN Curncy,shared_term,PX_LAST,daily,true,AD,SGD,OIS,SGD-SOR-ON,10Y,
SDSOA12 BGN Curncy,shared_term,PX_LAST,daily,true,AD,SGD,OIS,SGD-SOR-ON,12Y,
SDSOA15 BGN Curncy,shared_term,PX_LAST,daily,true,AD,SGD,OIS,SGD-SOR-ON,15Y,
SDSOA20 BGN Curncy,shared_term,PX_LAST,daily,true,AD,SGD,OIS,SGD-SOR-ON,20Y,
SDSOA30 BGN Curncy,shared_term,PX_LAST,daily,true,AD,SGD,OIS,SGD-SOR-ON,30Y,
TTHORON index,shared_term,PX_LAST,daily,true,AD,THB,OIS,THB-THOR-ON,1D,
TBSWHA BGN Curncy,shared_term,PX_LAST,daily,true,AD,THB,OIS,THB-THOR-ON,4W,
TBSWHB BGN Curncy,shared_term,PX_LAST,daily,true,AD,THB,OIS,THB-THOR-ON,2M,
TBSWHC BGN Curncy,shared_term,PX_LAST,daily,true,AD,THB,OIS,THB-THOR-ON,3M,
TBSWHF BGN Curncy,shared_term,PX_LAST,daily,true,AD,THB,OIS,THB-THOR-ON,6M,
TBSWHI BGN Curncy,shared_term,PX_LAST,daily,true,AD,THB,OIS,THB-THOR-ON,9M,
TBSWH1 BGN Curncy,shared_term,PX_LAST,daily,true,AD,THB,OIS,THB-THOR-ON,1Y,
TBSWH2 BGN Curncy,shared_term,PX_LAST,daily,true,AD,THB,OIS,THB-THOR-ON,2Y,
TBSWH3 BGN Curncy,shared_term,PX_LAST,daily,true,AD,THB,OIS,THB-THOR-ON,3Y,
TBSWH4 BGN Curncy,shared_term,PX_LAST,daily,true,AD,THB,OIS,THB-THOR-ON,4Y,
TBSWH5 BGN Curncy,shared_term,PX_LAST,daily,true,AD,THB,OIS,THB-THOR-ON,5Y,
TBSWH7 BGN Curncy,shared_term,PX_LAST,daily,true,AD,THB,OIS,THB-THOR-ON,7Y,
TBSWH10 BGN Curncy,shared_term,PX_LAST,daily,true,AD,THB,OIS,THB-THOR-ON,10Y,
TBSWH12 BGN Curncy,shared_term,PX_LAST,daily,true,AD,THB,OIS,THB-THOR-ON,12Y,
TBSWH15 BGN Curncy,shared_term,PX_LAST,daily,true,AD,THB,OIS,THB-THOR-ON,15Y,
TBSWI1Z BGN Curncy,shared_term,PX_LAST,daily,true,AD,THO,OIS,THO-THOR-ON,1W,
TBSWI2Z BGN Curncy,shared_term,PX_LAST,daily,true,AD,THO,OIS,THO-THOR-ON,2W,
TBSWIA BGN Curncy,shared_term,PX_LAST,daily,true,AD,THO,OIS,THO-THOR-ON,4W,
TBSWIB BGN Curncy,shared_term,PX_LAST,daily,true,AD,THO,OIS,THO-THOR-ON,2M,
TBSWIC BGN Curncy,shared_term,PX_LAST,daily,true,AD,THO,OIS,THO-THOR-ON,3M,
TBSWIF BGN Curncy,shared_term,PX_LAST,daily,true,AD,THO,OIS,THO-THOR-ON,6M,
TBSWII BGN Curncy,shared_term,PX_LAST,daily,true,AD,THO,OIS,THO-THOR-ON,9M,
TBSWI1 BGN Curncy,shared_term,PX_LAST,daily,true,AD,THO,OIS,THO-THOR-ON,1Y,
TBSWI2 BGN Curncy,shared_term,PX_LAST,daily,true,AD,THO,OIS,THO-THOR-ON,2Y,
TBSWI3 BGN Curncy,shared_term,PX_LAST,daily,true,AD,THO,OIS,THO-THOR-ON,3Y,
TBSWI4 BGN Curncy,shared_term,PX_LAST,daily,true,AD,THO,OIS,THO-THOR-ON,4Y,
TBSWI5 BGN Curncy,shared_term,PX_LAST,daily,true,AD,THO,OIS,THO-THOR-ON,5Y,
TBSWI7 BGN Curncy,shared_term,PX_LAST,daily,true,AD,THO,OIS,THO-THOR-ON,7Y,
TBSWI10 BGN Curncy,shared_term,PX_LAST,daily,true,AD,THO,OIS,THO-THOR-ON,10Y,
TBSWI12 BGN Curncy,shared_term,PX_LAST,daily,true,AD,THO,OIS,THO-THOR-ON,12Y,
TBSWI15 BGN Curncy,shared_term,PX_LAST,daily,true,AD,THO,OIS,THO-THOR-ON,15Y,
FEDL01        Index,shared_term,PX_LAST,daily,true,AD,USD,OIS,USD-FEDFUNDS-ON,1D,
USSO1Z   BGN Curncy,shared_term,PX_LAST,daily,true,AD,USD,OIS,USD-FEDFUNDS-ON,1W,
USSO2Z   BGN Curncy,shared_term,PX_LAST,daily,true,AD,USD,OIS,USD-FEDFUNDS-ON,2W,
USSO3Z   BGN Curncy,shared_term,PX_LAST,daily,true,AD,USD,OIS,USD-FEDFUNDS-ON,3W,
USSOA    BGN Curncy,shared_term,PX_LAST,daily,true,AD,USD,OIS,USD-FEDFUNDS-ON,4W,
USSOB    BGN Curncy,shared_term,PX_LAST,daily,true,AD,USD,OIS,USD-FEDFUNDS-ON,2M,
USSOC    BGN Curncy,shared_term,PX_LAST,daily,true,AD,USD,OIS,USD-FEDFUNDS-ON,3M,
USSOD    BGN Curncy,shared_term,PX_LAST,daily,true,AD,USD,OIS,USD-FEDFUNDS-ON,4M,
USSOE    BGN Curncy,shared_term,PX_LAST,daily,true,AD,USD,OIS,USD-FEDFUNDS-ON,5M,
USSOF    BGN Curncy,shared_term,PX_LAST,daily,true,AD,USD,OIS,USD-FEDFUNDS-ON,6M,
USSOG    BGN Curncy,shared_term,PX_LAST,daily,true,AD,USD,OIS,USD-FEDFUNDS-ON,7M,
USSOH    BGN Curncy,shared_term,PX_LAST,daily,true,AD,USD,OIS,USD-FEDFUNDS-ON,8M,
USSOI    BGN Curncy,shared_term,PX_LAST,daily,true,AD,USD,OIS,USD-FEDFUNDS-ON,9M,
USSOJ    BGN Curncy,shared_term,PX_LAST,daily,true,AD,USD,OIS,USD-FEDFUNDS-ON,10M,
USSOK    BGN Curncy,shared_term,PX_LAST,daily,true,AD,USD,OIS,USD-FEDFUNDS-ON,11M,
USSO1   BGN Curncy,shared_term,PX_LAST,daily,true,AD,USD,OIS,USD-FEDFUNDS-ON,1Y,
USSO1C   BGN Curncy,shared_term,PX_LAST,daily,true,AD,USD,OIS,USD-FEDFUNDS-ON,15M,
USSO1F   BGN Curncy,shared_term,PX_LAST,daily,true,AD,USD,OIS,USD-FEDFUNDS-ON,18M,
USSO2 BGN Curncy,shared_term,PX_LAST,daily,true,AD,USD,OIS,USD-FEDFUNDS-ON,2Y,
USSO3 BGN Curncy,shared_term,PX_LAST,daily,true,AD,USD,OIS,USD-FEDFUNDS-ON,3Y,
USSO4 BGN Curncy,shared_term,PX_LAST,daily,true,AD,USD,OIS,USD-FEDFUNDS-ON,4Y,
USSO5 BGN Curncy,shared_term,PX_LAST,daily,true,AD,USD,OIS,USD-FEDFUNDS-ON,5Y,
USSO6 BGN Curncy,shared_term,PX_LAST,daily,true,AD,USD,OIS,USD-FEDFUNDS-ON,6Y,
USSO7 BGN Curncy,shared_term,PX_LAST,daily,true,AD,USD,OIS,USD-FEDFUNDS-ON,7Y,
USSO8 BGN Curncy,shared_term,PX_LAST,daily,true,AD,USD,OIS,USD-FEDFUNDS-ON,8Y,
USSO9 BGN Curncy,shared_term,PX_LAST,daily,true,AD,USD,OIS,USD-FEDFUNDS-ON,9Y,
USSO10 BGN Curncy,shared_term,PX_LAST,daily,true,AD,USD,OIS,USD-FEDFUNDS-ON,10Y,
USSO12 BGN Curncy,shared_term,PX_LAST,daily,true,AD,USD,OIS,USD-FEDFUNDS-ON,12Y,
USSO15 BGN Curncy,shared_term,PX_LAST,daily,true,AD,USD,OIS,USD-FEDFUNDS-ON,15Y,
USSO20 BGN Curncy,shared_term,PX_LAST,daily,true,AD,USD,OIS,USD-FEDFUNDS-ON,20Y,
USSO25 BGN Curncy,shared_term,PX_LAST,daily,true,AD,USD,OIS,USD-FEDFUNDS-ON,25Y,
USSO30 BGN Curncy,shared_term,PX_LAST,daily,true,AD,USD,OIS,USD-FEDFUNDS-ON,30Y,
SOFRRATE Index,shared_term,PX_LAST,daily,true,AD,USD,OIS,USD-SOFR-ON,1D,
USOSFR1Z BGN Curncy,shared_term,PX_LAST,daily,true,AD,USD,OIS,USD-SOFR-ON,2D,
USOSFR2Z BGN Curncy,shared_term,PX_LAST,daily,true,AD,USD,OIS,USD-SOFR-ON,2W,
USOSFR3Z BGN Curncy,shared_term,PX_LAST,daily,true,AD,USD,OIS,USD-SOFR-ON,2W,
USOSFRA BGN Curncy,shared_term,PX_LAST,daily,true,AD,USD,OIS,USD-SOFR-ON,4W,
USOSFRB BGN Curncy,shared_term,PX_LAST,daily,true,AD,USD,OIS,USD-SOFR-ON,2M,
USOSFRC BGN Curncy,shared_term,PX_LAST,daily,true,AD,USD,OIS,USD-SOFR-ON,3M,
USOSFRD BGN Curncy,shared_term,PX_LAST,daily,true,AD,USD,OIS,USD-SOFR-ON,4M,
USOSFRE BGN Curncy,shared_term,PX_LAST,daily,true,AD,USD,OIS,USD-SOFR-ON,5M,
USOSFRF BGN Curncy,shared_term,PX_LAST,daily,true,AD,USD,OIS,USD-SOFR-ON,6M,
USOSFRG BGN Curncy,shared_term,PX_LAST,daily,true,AD,USD,OIS,USD-SOFR-ON,7M,
USOSFRH BGN Curncy,shared_term,PX_LAST,daily,true,AD,USD,OIS,USD-SOFR-ON,8M,
USOSFRI BGN Curncy,shared_term,PX_LAST,daily,true,AD,USD,OIS,USD-SOFR-ON,9M,
USOSFRJ BGN Curncy,shared_term,PX_LAST,daily,true,AD,USD,OIS,USD-SOFR-ON,10M,
USOSFRK BGN Curncy,shared_term,PX_LAST,daily,true,AD,USD,OIS,USD-SOFR-ON,11M,
USOSFR1 BGN Curncy,shared_term,PX_LAST,daily,true,AD,USD,OIS,USD-SOFR-ON,1Y,
USOSFR1F BGN Curncy,shared_term,PX_LAST,daily,true,AD,USD,OIS,USD-SOFR-ON,18M,
USOSFR2 BGN Curncy,shared_term,PX_LAST,daily,true,AD,USD,OIS,USD-SOFR-ON,2Y,
USOSFR3 BGN Curncy,shared_term,PX_LAST,daily,true,AD,USD,OIS,USD-SOFR-ON,3Y,
USOSFR4 BGN Curncy,shared_term,PX_LAST,daily,true,AD,USD,OIS,USD-SOFR-ON,4Y,
USOSFR5 BGN Curncy,shared_term,PX_LAST,daily,true,AD,USD,OIS,USD-SOFR-ON,5Y,
USOSFR6 BGN Curncy,shared_term,PX_LAST,daily,true,AD,USD,OIS,USD-SOFR-ON,6Y,
USOSFR7 BGN Curncy,shared_term,PX_LAST,daily,true,AD,USD,OIS,USD-SOFR-ON,7Y,
USOSFR8 BGN Curncy,shared_term,PX_LAST,daily,true,AD,USD,OIS,USD-SOFR-ON,8Y,
USOSFR9 BGN Curncy,shared_term,PX_LAST,daily,true,AD,USD,OIS,USD-SOFR-ON,9Y,
USOSFR10 BGN Curncy,shared_term,PX_LAST,daily,true,AD,USD,OIS,USD-SOFR-ON,10Y,
USOSFR12 BGN Curncy,shared_term,PX_LAST,daily,true,AD,USD,OIS,USD-SOFR-ON,12Y,
USOSFR15 BGN Curncy,shared_term,PX_LAST,daily,true,AD,USD,OIS,USD-SOFR-ON,15Y,
USOSFR20 BGN Curncy,shared_term,PX_LAST,daily,true,AD,USD,OIS,USD-SOFR-ON,20Y,
USOSFR25 BGN Curncy,shared_term,PX_LAST,daily,true,AD,USD,OIS,USD-SOFR-ON,25Y,
USOSFR30 BGN Curncy,shared_term,PX_LAST,daily,true,AD,USD,OIS,USD-SOFR-ON,30Y,
USOSFR40 BGN Curncy,shared_term,PX_LAST,daily,true,AD,USD,OIS,USD-SOFR-ON,40Y,
USOSFR50 BGN Curncy,shared_term,PX_LAST,daily,true,AD,USD,OIS,USD-SOFR-ON,50Y,
ISXOQQ1 BGN Curncy,shared_term,PX_LAST,daily,true,AD,ILS,BASIS,ILS-SHIR-ON.USD-SOFR-ON,1Y,
ISXOQQ2 BGN Curncy,shared_term,PX_LAST,daily,true,AD,ILS,BASIS,ILS-SHIR-ON.USD-SOFR-ON,2Y,
ISXOQQ3 BGN Curncy,shared_term,PX_LAST,daily,true,AD,ILS,BASIS,ILS-SHIR-ON.USD-SOFR-ON,3Y,
ISXOQQ4 BGN Curncy,shared_term,PX_LAST,daily,true,AD,ILS,BASIS,ILS-SHIR-ON.USD-SOFR-ON,4Y,
ISXOQQ5 BGN Curncy,shared_term,PX_LAST,daily,true,AD,ILS,BASIS,ILS-SHIR-ON.USD-SOFR-ON,5Y,
ISXOQQ6 BGN Curncy,shared_term,PX_LAST,daily,true,AD,ILS,BASIS,ILS-SHIR-ON.USD-SOFR-ON,6Y,
ISXOQQ7 BGN Curncy,shared_term,PX_LAST,daily,true,AD,ILS,BASIS,ILS-SHIR-ON.USD-SOFR-ON,7Y,
ISXOQQ10 BGN Curncy,shared_term,PX_LAST,daily,true,AD,ILS,BASIS,ILS-SHIR-ON.USD-SOFR-ON,10Y,
ISXOQQ12 BGN Curncy,shared_term,PX_LAST,daily,true,AD,ILS,BASIS,ILS-SHIR-ON.USD-SOFR-ON,12Y,
ISXOQQ15 BGN Curncy,shared_term,PX_LAST,daily,true,AD,ILS,BASIS,ILS-SHIR-ON.USD-SOFR-ON,15Y,
ISXOQQ20 BGN Curncy,shared_term,PX_LAST,daily,true,AD,ILS,BASIS,ILS-SHIR-ON.USD-SOFR-ON,20Y,
SDSF66M Curncy,shared_term,PX_LAST,daily,true,AD,SGD,BASIS,SGD-SOR-ON.USD-SOFR-ON,6M,
SDSF61Y Curncy,shared_term,PX_LAST,daily,true,AD,SGD,BASIS,SGD-SOR-ON.USD-SOFR-ON,1Y,
SDSF62Y Curncy,shared_term,PX_LAST,daily,true,AD,SGD,BASIS,SGD-SOR-ON.USD-SOFR-ON,2Y,
SDSF63Y Curncy,shared_term,PX_LAST,daily,true,AD,SGD,BASIS,SGD-SOR-ON.USD-SOFR-ON,3Y,
SDSF64Y Curncy,shared_term,PX_LAST,daily,true,AD,SGD,BASIS,SGD-SOR-ON.USD-SOFR-ON,4Y,
SDSF65Y Curncy,shared_term,PX_LAST,daily,true,AD,SGD,BASIS,SGD-SOR-ON.USD-SOFR-ON,5Y,
SDSF66Y Curncy,shared_term,PX_LAST,daily,true,AD,SGD,BASIS,SGD-SOR-ON.USD-SOFR-ON,6Y,
SDSF67Y Curncy,shared_term,PX_LAST,daily,true,AD,SGD,BASIS,SGD-SOR-ON.USD-SOFR-ON,7Y,
SDSF610Y Curncy,shared_term,PX_LAST,daily,true,AD,SGD,BASIS,SGD-SOR-ON.USD-SOFR-ON,10Y,
SDSF612Y Curncy,shared_term,PX_LAST,daily,true,AD,SGD,BASIS,SGD-SOR-ON.USD-SOFR-ON,12Y,
SDSF615Y Curncy,shared_term,PX_LAST,daily,true,AD,SGD,BASIS,SGD-SOR-ON.USD-SOFR-ON,15Y,
SDSF620Y Curncy,shared_term,PX_LAST,daily,true,AD,SGD,BASIS,SGD-SOR-ON.USD-SOFR-ON,20Y,
SDSF630Y Curncy,shared_term,PX_LAST,daily,true,AD,SGD,BASIS,SGD-SOR-ON.USD-SOFR-ON,30Y,
CNHSQQF BGN Curncy,shared_term,PX_LAST,daily,true,AD,CNH,CCS,CNH-FIXED.USD-SOFR-ON,6M,
CNHSQQ1 BGN Curncy,shared_term,PX_LAST,daily,true,AD,CNH,CCS,CNH-FIXED.USD-SOFR-ON,1Y,
CNHSQQ2 BGN Curncy,shared_term,PX_LAST,daily,true,AD,CNH,CCS,CNH-FIXED.USD-SOFR-ON,2Y,
CNHSQQ3 BGN Curncy,shared_term,PX_LAST,daily,true,AD,CNH,CCS,CNH-FIXED.USD-SOFR-ON,3Y,
CNHSQQ4 BGN Curncy,shared_term,PX_LAST,daily,true,AD,CNH,CCS,CNH-FIXED.USD-SOFR-ON,4Y,
CNHSQQ5 BGN Curncy,shared_term,PX_LAST,daily,true,AD,CNH,CCS,CNH-FIXED.USD-SOFR-ON,5Y,
CNHSQQ7 BGN Curncy,shared_term,PX_LAST,daily,true,AD,CNH,CCS,CNH-FIXED.USD-SOFR-ON,7Y,
CNHSQQ10 BGN Curncy,shared_term,PX_LAST,daily,true,AD,CNH,CCS,CNH-FIXED.USD-SOFR-ON,10Y,
